{

    "metadata" :
    {
        "formatVersion" : 3.1,
        "sourceFile"    : "asteroid1.obj",
        "generatedBy"   : "OBJConverter",
        "vertices"      : 131,
        "faces"         : 248,
        "normals"       : 12,
        "colors"        : 0,
        "uvs"           : 0,
        "materials"     : 1
    },

    "scale" : 1.000000,

    "materials": [	{
	"DbgColor" : 15658734,
	"DbgIndex" : 0,
	"DbgName" : "None",
	"colorDiffuse" : [0.8, 0.8, 0.8],
	"colorSpecular" : [0.8, 0.8, 0.8],
	"illumination" : 2,
	"opacity" : 1.0,
	"specularCoef" : 0.0
	}],

    "vertices": [-2.775975,-6.110356,-2.000000,-2.775975,-6.110356,2.000000,-6.775975,-6.110356,-2.000000,-6.775975,-6.110356,2.000000,-2.775975,2.000000,-2.000000,-2.775975,2.000000,2.000000,-6.775975,2.000000,-2.000000,-6.775975,2.000000,2.000000,-4.775975,-6.110356,-2.000000,-2.775975,-6.110356,0.000000,-4.775975,-6.110356,2.000000,-6.775975,-6.110356,0.000000,-4.775975,-10.165638,-2.000000,-2.775975,-10.165638,-2.000000,-2.775975,-10.165638,0.000000,-2.775975,-10.165638,2.000000,-4.775975,-10.165638,2.000000,-6.775975,-10.165638,2.000000,-6.775975,-10.165638,0.000000,-6.775975,-10.165638,-2.000000,-4.775975,-10.165638,0.000000,2.923138,-6.110356,0.000000,2.923138,-6.110356,2.000000,2.923138,-6.110356,-2.000000,2.923138,-10.165638,2.000000,2.923138,-10.165638,-2.000000,2.923138,-10.165638,0.000000,2.923138,-6.110356,1.000000,2.923138,-6.110356,-1.000000,2.923138,-8.137997,2.000000,2.923138,-8.137997,-2.000000,2.923138,-10.165638,1.000000,2.923138,-10.165638,-1.000000,-4.775975,2.000000,2.000000,-4.775975,2.000000,-2.000000,-6.775975,2.000000,0.000000,6.655652,-2.080679,1.000000,6.655652,-2.080679,2.000000,6.655652,-2.080679,-1.000000,6.655652,-2.080679,0.000000,6.655652,-4.108319,2.000000,6.655652,-4.108319,-2.000000,6.655652,-6.135961,-2.000000,6.655652,-6.135961,1.000000,6.655652,-6.135961,2.000000,6.655652,-6.135961,-1.000000,6.655652,-6.135961,0.000000,6.655652,-4.108319,0.000000,6.655652,-2.080679,-2.000000,6.655652,-4.108319,-1.000000,6.655652,-4.108319,1.000000,-2.775975,2.000000,0.000000,-3.835946,8.406521,0.000000,-3.835946,5.968174,0.000000,-3.835946,5.968174,-2.000000,-1.835946,5.968174,-2.000000,-1.835946,5.968174,2.000000,3.606288,5.968174,2.000000,3.606288,5.968174,0.000000,3.606288,5.968174,-2.000000,-3.835946,5.968174,2.000000,-3.835946,8.406521,-2.000000,-1.835946,8.406521,-2.000000,-1.835946,8.406521,2.000000,3.606288,8.406521,2.000000,3.606288,8.406521,-2.000000,-3.835946,8.406521,2.000000,-1.835946,8.406521,0.000000,0.164054,5.968174,-2.000000,-1.835946,5.968174,-2.000000,0.164054,5.968174,2.000000,0.164054,5.968174,0.000000,-3.835946,5.968174,-2.000000,-1.835946,5.968174,2.000000,-3.835946,5.968174,2.000000,-3.835946,5.968174,0.000000,0.164054,5.968174,-2.000000,-1.835946,5.968174,-2.000000,0.164054,5.968174,2.000000,0.164054,5.968174,0.000000,-3.835946,5.968174,-2.000000,-1.835946,5.968174,2.000000,-3.835946,5.968174,2.000000,-3.835946,5.968174,0.000000,3.606288,5.968174,-1.000000,3.606288,5.968174,1.000000,3.606288,7.187347,2.000000,3.606288,8.406521,-1.000000,3.606288,7.187347,-2.000000,0.164054,5.968174,0.000000,3.606288,5.968174,0.000000,-1.835946,5.968174,2.000000,3.606288,5.968174,2.000000,3.606288,5.968174,-1.000000,3.606288,5.968174,-2.000000,3.606288,5.968174,1.000000,3.606288,7.187347,2.000000,3.606288,8.406521,2.000000,-1.835946,8.406521,2.000000,0.164054,5.968174,-2.000000,0.164054,5.968174,2.000000,3.606288,8.406521,-1.000000,3.606288,8.406521,-2.000000,3.606288,7.187347,-2.000000,3.606288,5.968174,-1.000000,3.606288,5.968174,-2.000000,3.606288,5.968174,1.000000,3.606288,5.968174,0.000000,3.606288,7.187347,2.000000,3.606288,8.406521,2.000000,3.606288,5.968174,2.000000,6.849511,8.406521,-1.000000,6.849511,8.406521,-2.000000,6.849511,7.187347,-2.000000,6.849511,5.968174,-1.000000,6.849511,5.968174,-2.000000,6.849511,5.968174,1.000000,6.849511,5.968174,0.000000,6.849511,7.187347,2.000000,6.849511,8.406521,2.000000,6.849511,5.968174,2.000000,3.383654,-5.991880,-1.000000,3.383654,-5.991880,-2.000000,3.383654,-5.991880,1.000000,3.383654,-5.991880,0.000000,3.383654,-5.991880,2.000000,6.626877,-5.991880,-2.000000,6.626877,-5.991880,-1.000000,6.626877,-5.991880,1.000000,6.626877,-5.991880,0.000000,6.626877,-5.991880,2.000000],

    "morphTargets": [],

    "morphColors": [],

    "normals": [0,0,-1,-1,0,0,0,0,1,1,0,0,0,-1,0,0,1,0,0.7336,-0.6795,0,-0.7336,0.6795,0,-0.8035,0.5953,0,0.8035,-0.5953,0,0.9998,-0.0186,0,-0.9998,0.0186,0],

    "colors": [],

    "uvs": [[]],