{

    "metadata" :
    {
        "formatVersion" : 3.1,
        "sourceFile"    : "ship.obj",
        "generatedBy"   : "OBJConverter",
        "vertices"      : 28,
        "faces"         : 48,
        "normals"       : 10,
        "colors"        : 0,
        "uvs"           : 0,
        "materials"     : 1
    },

    "scale" : 1.000000,

    "materials": [	{
	"DbgColor" : 15658734,
	"DbgIndex" : 0,
	"DbgName" : "None",
	"colorDiffuse" : [0.8, 0.8, 0.8],
	"colorSpecular" : [0.8, 0.8, 0.8],
	"illumination" : 2,
	"opacity" : 1.0,
	"specularCoef" : 0.0
	}],

    "vertices": [-5.374380,-0.500000,4.236764,-5.374380,0.500000,4.236764,-5.374380,-0.500000,-3.440366,-5.374380,0.500000,-3.440366,-4.374380,-0.500000,4.236764,-4.374380,0.500000,4.236764,-4.374380,-0.500000,-3.440366,-4.374380,0.500000,-3.440366,-5.374380,-0.500000,4.236764,-5.374380,0.500000,4.236764,-4.374380,0.500000,4.236764,-4.374380,-0.500000,4.236764,-1.000000,-1.000000,1.000000,-1.000000,1.000000,1.000000,-1.000000,-1.000000,-1.000000,-1.000000,1.000000,-1.000000,1.000000,-1.000000,1.000000,1.000000,1.000000,1.000000,1.000000,-1.000000,-1.000000,1.000000,1.000000,-1.000000,-6.990353,-1.000000,5.008703,-6.990353,1.000000,5.008703,-4.990353,1.000000,5.008703,-4.990353,-1.000000,5.008703,-7.000000,1.000000,-4.000000,-7.000000,-1.000000,-4.000000,-5.000000,-1.000000,-4.000000,-5.000000,1.000000,-4.000000],

    "morphTargets": [],

    "morphColors": [],

    "normals": [-1,0,0,0,0,-1,1,0,0,0,0,1,0,-1,0,0,1,0,-0.5562,0,-0.8311,0.5562,0,0.8311,-0.4472,0,0.8944,0.4472,0,-0.8944],

    "colors": [],

    "uvs": [[]],

    "faces": [34,1,2,0,0,0,0,0,34,3,6,2,0,1,1,1,34,7,4,6,0,2,2,2,34,1,8,9,0,3,3,3,34,6,0,2,0,4,4,4,34,3,5,7,0,5,5,5,34,10,8,11,0,3,3,3,34,0,11,8,0,3,3,3,34,5,9,10,0,3,3,3,34,4,10,11,0,3,3,3,34,13,14,12,0,0,0,0,34,15,27,24,0,5,5,5,34,19,16,18,0,2,2,2,34,12,21,13,0,6,6,6,34,18,12,14,0,4,4,4,34,15,17,19,0,5,5,5,34,22,20,23,0,3,3,3,34,12,23,20,0,4,4,4,34,13,22,17,0,5,5,5,34,17,23,16,0,7,7,7,34,24,26,25,0,1,1,1,34,15,25,14,0,8,8,8,34,18,27,19,0,9,9,9,34,14,26,18,0,4,4,4,34,1,3,2,0,0,0,0,34,3,7,6,0,1,1,1,34,7,5,4,0,2,2,2,34,1,0,8,0,3,3,3,34,6,4,0,0,4,4,4,34,3,1,5,0,5,5,5,34,10,9,8,0,3,3,3,34,0,4,11,0,3,3,3,34,5,1,9,0,3,3,3,34,4,5,10,0,3,3,3,34,13,15,14,0,0,0,0,34,15,19,27,0,5,5,5,34,19,17,16,0,2,2,2,34,12,20,21,0,6,6,6,34,18,16,12,0,4,4,4,34,15,13,17,0,5,5,5,34,22,21,20,0,3,3,3,34,12,16,23,0,4,4,4,34,13,21,22,0,5,5,5,34,17,22,23,0,7,7,7,34,24,27,26,0,1,1,1,34,15,24,25,0,8,8,8,34,18,26,27,0,9,9,9,34,14,25,26,0,4,4,4]

}
